[{"model": "admin.logentry", "pk": 1, "fields": {"action_time": "2024-07-07T15:35:32.915Z", "user": 1, "content_type": 4, "object_id": "5", "object_repr": "yyy1", "action_flag": 1, "change_message": "[{\"added\": {}}]"}}, {"model": "admin.logentry", "pk": 2, "fields": {"action_time": "2024-07-08T08:44:44.928Z", "user": 1, "content_type": 7, "object_id": "4", "object_repr": "moon", "action_flag": 2, "change_message": "[{\"changed\": {\"fields\": [\"User\"]}}]"}}, {"model": "admin.logentry", "pk": 3, "fields": {"action_time": "2024-07-08T08:44:51.429Z", "user": 1, "content_type": 7, "object_id": "3", "object_repr": "star", "action_flag": 2, "change_message": "[{\"changed\": {\"fields\": [\"User\"]}}]"}}, {"model": "admin.logentry", "pk": 4, "fields": {"action_time": "2024-07-08T08:44:57.345Z", "user": 1, "content_type": 7, "object_id": "2", "object_repr": "month", "action_flag": 2, "change_message": "[{\"changed\": {\"fields\": [\"User\"]}}]"}}, {"model": "admin.logentry", "pk": 5, "fields": {"action_time": "2024-07-08T08:45:01.834Z", "user": 1, "content_type": 7, "object_id": "1", "object_repr": "sun", "action_flag": 2, "change_message": "[{\"changed\": {\"fields\": [\"User\"]}}]"}}, {"model": "auth.permission", "pk": 1, "fields": {"name": "Can add permission", "content_type": 1, "codename": "add_permission"}}, {"model": "auth.permission", "pk": 2, "fields": {"name": "Can change permission", "content_type": 1, "codename": "change_permission"}}, {"model": "auth.permission", "pk": 3, "fields": {"name": "Can delete permission", "content_type": 1, "codename": "delete_permission"}}, {"model": "auth.permission", "pk": 4, "fields": {"name": "Can view permission", "content_type": 1, "codename": "view_permission"}}, {"model": "auth.permission", "pk": 5, "fields": {"name": "Can add group", "content_type": 2, "codename": "add_group"}}, {"model": "auth.permission", "pk": 6, "fields": {"name": "Can change group", "content_type": 2, "codename": "change_group"}}, {"model": "auth.permission", "pk": 7, "fields": {"name": "Can delete group", "content_type": 2, "codename": "delete_group"}}, {"model": "auth.permission", "pk": 8, "fields": {"name": "Can view group", "content_type": 2, "codename": "view_group"}}, {"model": "auth.permission", "pk": 9, "fields": {"name": "Can add content type", "content_type": 3, "codename": "add_contenttype"}}, {"model": "auth.permission", "pk": 10, "fields": {"name": "Can change content type", "content_type": 3, "codename": "change_contenttype"}}, {"model": "auth.permission", "pk": 11, "fields": {"name": "Can delete content type", "content_type": 3, "codename": "delete_contenttype"}}, {"model": "auth.permission", "pk": 12, "fields": {"name": "Can view content type", "content_type": 3, "codename": "view_contenttype"}}, {"model": "auth.permission", "pk": 13, "fields": {"name": "Can add user", "content_type": 4, "codename": "add_customuser"}}, {"model": "auth.permission", "pk": 14, "fields": {"name": "Can change user", "content_type": 4, "codename": "change_customuser"}}, {"model": "auth.permission", "pk": 15, "fields": {"name": "Can delete user", "content_type": 4, "codename": "delete_customuser"}}, {"model": "auth.permission", "pk": 16, "fields": {"name": "Can view user", "content_type": 4, "codename": "view_customuser"}}, {"model": "auth.permission", "pk": 17, "fields": {"name": "Can add log entry", "content_type": 5, "codename": "add_logentry"}}, {"model": "auth.permission", "pk": 18, "fields": {"name": "Can change log entry", "content_type": 5, "codename": "change_logentry"}}, {"model": "auth.permission", "pk": 19, "fields": {"name": "Can delete log entry", "content_type": 5, "codename": "delete_logentry"}}, {"model": "auth.permission", "pk": 20, "fields": {"name": "Can view log entry", "content_type": 5, "codename": "view_logentry"}}, {"model": "auth.permission", "pk": 21, "fields": {"name": "Can add session", "content_type": 6, "codename": "add_session"}}, {"model": "auth.permission", "pk": 22, "fields": {"name": "Can change session", "content_type": 6, "codename": "change_session"}}, {"model": "auth.permission", "pk": 23, "fields": {"name": "Can delete session", "content_type": 6, "codename": "delete_session"}}, {"model": "auth.permission", "pk": 24, "fields": {"name": "Can view session", "content_type": 6, "codename": "view_session"}}, {"model": "auth.permission", "pk": 25, "fields": {"name": "Can add words model", "content_type": 7, "codename": "add_wordsmodel"}}, {"model": "auth.permission", "pk": 26, "fields": {"name": "Can change words model", "content_type": 7, "codename": "change_wordsmodel"}}, {"model": "auth.permission", "pk": 27, "fields": {"name": "Can delete words model", "content_type": 7, "codename": "delete_wordsmodel"}}, {"model": "auth.permission", "pk": 28, "fields": {"name": "Can view words model", "content_type": 7, "codename": "view_wordsmodel"}}, {"model": "auth.permission", "pk": 29, "fields": {"name": "Can add memo model", "content_type": 8, "codename": "add_memomodel"}}, {"model": "auth.permission", "pk": 30, "fields": {"name": "Can change memo model", "content_type": 8, "codename": "change_memomodel"}}, {"model": "auth.permission", "pk": 31, "fields": {"name": "Can delete memo model", "content_type": 8, "codename": "delete_memomodel"}}, {"model": "auth.permission", "pk": 32, "fields": {"name": "Can view memo model", "content_type": 8, "codename": "view_memomodel"}}, {"model": "contenttypes.contenttype", "pk": 1, "fields": {"app_label": "auth", "model": "permission"}}, {"model": "contenttypes.contenttype", "pk": 2, "fields": {"app_label": "auth", "model": "group"}}, {"model": "contenttypes.contenttype", "pk": 3, "fields": {"app_label": "contenttypes", "model": "contenttype"}}, {"model": "contenttypes.contenttype", "pk": 4, "fields": {"app_label": "accounts", "model": "customuser"}}, {"model": "contenttypes.contenttype", "pk": 5, "fields": {"app_label": "admin", "model": "logentry"}}, {"model": "contenttypes.contenttype", "pk": 6, "fields": {"app_label": "sessions", "model": "session"}}, {"model": "contenttypes.contenttype", "pk": 7, "fields": {"app_label": "wlist", "model": "wordsmodel"}}, {"model": "contenttypes.contenttype", "pk": 8, "fields": {"app_label": "wlist", "model": "memomodel"}}, {"model": "sessions.session", "pk": "5odzswt0nm7f2bwbzy6wad11qli1w9hh", "fields": {"session_data": ".eJxVjLsOAiEUBf-F2hCeF7C0328gPC6yaiBZdivjvxuSLbQ9M3PexIdjr_4YuPk1kysBcvndYkhPbBPkR2j3TlNv-7ZGOhV60kGXnvF1O92_gxpGnXVhRlnkigknIIFG41gIjBuWpLQJ0HGho0JU0YKWBYUUgnMoWRZbFPl8AcLSNxY:1sYkRK:Zr6dsbCRYg10JrEAv0kcXbtp87kEyf4Zzb-FAaYHv6A", "expire_date": "2024-08-13T10:50:46.952Z"}}, {"model": "sessions.session", "pk": "dfajjo33ew3lg5iina2di94isjdmakda", "fields": {"session_data": ".eJxVjMEOwiAQBf-FsyHAQgGP3v0GwsIiVQNJaU_Gf9cmPej1zcx7sRC3tYZt0BLmzM5MstPvhjE9qO0g32O7dZ56W5cZ-a7wgw5-7Zmel8P9O6hx1G9NVpICrRQ5KOCUIRR-sgjoyWLOmozQykG2KVGaJJRikhe-FG2NB2TvD9s_N-k:1sT1IH:32gawtG0_D5_s75fyufXsU73hudxH1Nvkaohiq1DNw4", "expire_date": "2024-07-28T15:37:45.276Z"}}, {"model": "sessions.session", "pk": "el37mbg3zrww3ekh5fw1jnd6cda31nff", "fields": {"session_data": ".eJxVjLsOAiEUBf-F2hCeF7C0328gPC6yaiBZdivjvxuSLbQ9M3PexIdjr_4YuPk1kysBcvndYkhPbBPkR2j3TlNv-7ZGOhV60kGXnvF1O92_gxpGnXVhRlnkigknIIFG41gIjBuWpLQJ0HGho0JU0YKWBYUUgnMoWRZbFPl8AcLSNxY:1sUkMw:6VA8x97VrI3-VTslFHf6cMNPSh4QG1xRl8civa_j1qM", "expire_date": "2024-08-02T09:57:42.011Z"}}, {"model": "sessions.session", "pk": "jrzvclw99gi9ka8uqgzz13fhv3hzjy9l", "fields": {"session_data": ".eJxVjLsOAiEUBf-F2hCeF7C0328gPC6yaiBZdivjvxuSLbQ9M3PexIdjr_4YuPk1kysBcvndYkhPbBPkR2j3TlNv-7ZGOhV60kGXnvF1O92_gxpGnXVhRlnkigknIIFG41gIjBuWpLQJ0HGho0JU0YKWBYUUgnMoWRZbFPl8AcLSNxY:1sZWzw:HhxrbCXZ_olal8Uj5Z3KWR2gy0cLS9ANSFcAuaUoOb4", "expire_date": "2024-08-15T14:41:44.752Z"}}, {"model": "accounts.customuser", "pk": 1, "fields": {"password": "pbkdf2_sha256$720000$wzY3mC04u3ApeXY3RUkYVj$u72y75YscwWQaypGlwND9N9CNnNqWKsLDv+p8hOfu1o=", "last_login": "2024-07-30T10:42:43.792Z", "is_superuser": true, "username": "super", "first_name": "", "last_name": "", "email": "", "is_staff": true, "is_active": true, "date_joined": "2024-07-06T16:09:29.059Z", "age": null, "groups": [], "user_permissions": []}}, {"model": "accounts.customuser", "pk": 2, "fields": {"password": "pbkdf2_sha256$720000$xVLLldiwDCRNY1Vu3F4YpL$wCkIMe4a2TTc21hr808PyNTji5gZ+KM9XnB2+RLQAP8=", "last_login": "2024-07-06T16:15:48.436Z", "is_superuser": false, "username": "goemon024", "first_name": "", "last_name": "", "email": "hirotorics@gmail.com", "is_staff": false, "is_active": true, "date_joined": "2024-07-06T16:15:38.606Z", "age": null, "groups": [], "user_permissions": []}}, {"model": "accounts.customuser", "pk": 3, "fields": {"password": "pbkdf2_sha256$720000$EyK1P4ch0HBECZ3zMemlvF$lsWHwUucD+jeci/IRa1D8bT23vzhWdF6ll6UN9cKKZo=", "last_login": "2024-07-07T15:12:43.841Z", "is_superuser": false, "username": "xxx1", "first_name": "", "last_name": "", "email": "", "is_staff": false, "is_active": true, "date_joined": "2024-07-07T15:12:43.581Z", "age": null, "groups": [], "user_permissions": []}}, {"model": "accounts.customuser", "pk": 4, "fields": {"password": "pbkdf2_sha256$720000$1P5CDV85ABqgPQFYutm1WR$NikrXTpgEYLtmYxccuw0qAymydEIwCgqg6Ap5CzUyro=", "last_login": "2024-07-07T15:13:04.114Z", "is_superuser": false, "username": "xxx2", "first_name": "", "last_name": "", "email": "", "is_staff": false, "is_active": true, "date_joined": "2024-07-07T15:13:03.900Z", "age": null, "groups": [], "user_permissions": []}}, {"model": "accounts.customuser", "pk": 5, "fields": {"password": "pbkdf2_sha256$720000$2pegKPh9mwgairg9hUtmOi$QpUkofj9Lhz4rPludq4F5gkT9AFGnT6m7I+xHGIHjBU=", "last_login": "2024-07-07T15:37:34.102Z", "is_superuser": false, "username": "yyy1", "first_name": "", "last_name": "", "email": "", "is_staff": false, "is_active": true, "date_joined": "2024-07-07T15:35:32.720Z", "age": null, "groups": [], "user_permissions": []}}, {"model": "accounts.customuser", "pk": 6, "fields": {"password": "pbkdf2_sha256$720000$lsQ897sJEVu2QPOPmJUlBn$OcR8MXTvDK+v27UI8Mt2FA5/t1PNweTiKrO7JmYAtVQ=", "last_login": "2024-08-01T14:41:44.735Z", "is_superuser": false, "username": "super1", "first_name": "", "last_name": "", "email": "hirotorics@gmail.com", "is_staff": false, "is_active": true, "date_joined": "2024-07-10T07:47:00.009Z", "age": null, "groups": [], "user_permissions": []}}, {"model": "wlist.wordsmodel", "pk": 3, "fields": {"user": 2, "word": "star", "mean1": "スター", "mean2": "星,星形のもの,星章,星形勲章,星印,(ホテル・レストランなどの格付けに用いる)星印,スター,花形,人気者,星回り", "reg_date": "2024-07-07"}}, {"model": "wlist.wordsmodel", "pk": 11, "fields": {"user": 1, "word": "ship", "mean1": "船", "mean2": "(大きい)船,(交通手段として見た)船,競漕用ボート,飛行船,(大型の)航空機,宇宙船,(船の)全乗組員", "reg_date": "2024-07-09"}}, {"model": "wlist.wordsmodel", "pk": 19, "fields": {"user": 6, "word": "zombi", "mean1": "ゾンビ", "mean2": "果汁と通常アプリコットリキュールでつくる数種類のラム,機械仕掛けのように無感情に動いたり反応したりする人,超自然的な力によって息を吹き返した死体,特に西インド諸島で崇拝される、アフリカを起源とするヴードゥー教の神,死体を生き返らせる霊あるいは超自然的な力", "reg_date": "2024-07-18"}}, {"model": "wlist.wordsmodel", "pk": 20, "fields": {"user": 6, "word": "symphony", "mean1": "シンフォニー", "mean2": "交響曲,シンフォニー", "reg_date": "2024-07-18"}}, {"model": "wlist.wordsmodel", "pk": 22, "fields": {"user": 6, "word": "moderate", "mean1": "控えめ", "mean2": "(極端に走らず)節度のある,穏健な,度を越さないで,節度があって,(量・大きさ・程度・質など)適度の,中くらいの,並の,高価でない,手ごろな,(比較的)安い", "reg_date": "2024-07-19"}}, {"model": "wlist.wordsmodel", "pk": 33, "fields": {"user": 6, "word": "enforcement", "mean1": "執行", "mean2": "(法律などの)施行,執行,(服従などの)強制,(意見などの)強調", "reg_date": "2024-07-21"}}, {"model": "wlist.wordsmodel", "pk": 35, "fields": {"user": 6, "word": "lunatic", "mean1": "でんぱなやつ", "mean2": "精神異常者,狂人,変人,愚人", "reg_date": "2024-07-21"}}, {"model": "wlist.wordsmodel", "pk": 45, "fields": {"user": 6, "word": "positive", "mean1": "ポジティブ", "mean2": "明確な,疑いのない,否定しがたい,はっきりした,直截な,完全な,まったくの,確信して,(…を)確信して,自信のある", "reg_date": "2024-07-22"}}, {"model": "wlist.wordsmodel", "pk": 46, "fields": {"user": 6, "word": "custom", "mean1": "習慣", "mean2": "(確立されている社会の)慣習,風習,慣例,(個人の)習慣,習慣的行為,(商店などの)愛顧,引き立て,お得意,顧客,関税", "reg_date": "2024-07-22"}}, {"model": "wlist.wordsmodel", "pk": 53, "fields": {"user": 6, "word": "ascend", "mean1": "登る", "mean2": "(上方に)登る,上がる,立ちのぼる,上りになる,騰貴する,(地位的に)向上する", "reg_date": "2024-07-23"}}, {"model": "wlist.wordsmodel", "pk": 56, "fields": {"user": 6, "word": "contractor", "mean1": "請負業者", "mean2": "契約者,請負人,土建業者", "reg_date": "2024-07-25"}}, {"model": "wlist.wordsmodel", "pk": 57, "fields": {"user": 6, "word": "compartment", "mean1": "コンパートメント", "mean2": "区画,仕切り,(英国などの列車の)仕切り客室,コンパートメント", "reg_date": "2024-07-25"}}, {"model": "wlist.wordsmodel", "pk": 59, "fields": {"user": 6, "word": "spacious", "mean1": "広い", "mean2": "広々とした,雄大な", "reg_date": "2024-07-25"}}, {"model": "wlist.wordsmodel", "pk": 60, "fields": {"user": 6, "word": "discontinued", "mean1": "生産中止", "mean2": "discontinueの過去形、または過去分詞。(…を)(続けることを)やめる,  停止する, 中止する", "reg_date": "2024-07-25"}}, {"model": "wlist.wordsmodel", "pk": 62, "fields": {"user": 6, "word": "tuition", "mean1": "学費", "mean2": "教授,授業,授業料,月謝", "reg_date": "2024-07-25"}}, {"model": "wlist.wordsmodel", "pk": 63, "fields": {"user": 6, "word": "municipal", "mean1": "都市", "mean2": "(自治権を持つ)都市の,市の,市営の,地方自治体の", "reg_date": "2024-07-25"}}, {"model": "wlist.wordsmodel", "pk": 64, "fields": {"user": 6, "word": "landmark", "mean1": "名所", "mean2": "(陸上の)目印(となるもの),陸標,(土地の)境界標,顕著な事件", "reg_date": "2024-07-26"}}, {"model": "wlist.wordsmodel", "pk": 65, "fields": {"user": 6, "word": "recipient", "mean1": "受取人", "mean2": "受取人,受領者,受容者,レシピエント", "reg_date": "2024-07-26"}}, {"model": "wlist.wordsmodel", "pk": 66, "fields": {"user": 6, "word": "managerial", "mean1": "経営上", "mean2": "支配人の,経営(上)の,管理(上)の", "reg_date": "2024-07-26"}}, {"model": "wlist.wordsmodel", "pk": 67, "fields": {"user": 6, "word": "attire", "mean1": "服装", "mean2": "(…で)盛装する", "reg_date": "2024-07-26"}}, {"model": "wlist.wordsmodel", "pk": 68, "fields": {"user": 6, "word": "reimburse", "mean1": "弁償", "mean2": "費用などを払い戻す,弁済する,弁償する,返済する", "reg_date": "2024-07-26"}}, {"model": "wlist.wordsmodel", "pk": 69, "fields": {"user": 6, "word": "enroll", "mean1": "登録", "mean2": "エンロール", "reg_date": "2024-07-28"}}, {"model": "wlist.wordsmodel", "pk": 70, "fields": {"user": 6, "word": "proficiency", "mean1": "熟練", "mean2": "熟達,堪能(たんのう)", "reg_date": "2024-07-28"}}, {"model": "wlist.wordsmodel", "pk": 71, "fields": {"user": 6, "word": "acclaimed", "mean1": "絶賛", "mean2": "acclaimの過去形、または過去分詞。盛んなかっさいを送る", "reg_date": "2024-07-28"}}, {"model": "wlist.wordsmodel", "pk": 72, "fields": {"user": 6, "word": "medication", "mean1": "投薬", "mean2": "薬物治療,薬,薬品", "reg_date": "2024-07-28"}}, {"model": "wlist.wordsmodel", "pk": 73, "fields": {"user": 6, "word": "an array of", "mean1": "の配列", "mean2": "ずらりと並んだ", "reg_date": "2024-07-28"}}, {"model": "wlist.wordsmodel", "pk": 74, "fields": {"user": 6, "word": "informative", "mean1": "有益な", "mean2": "知識を与える,教育的な,有益な", "reg_date": "2024-07-29"}}, {"model": "wlist.wordsmodel", "pk": 75, "fields": {"user": 6, "word": "voucher", "mean1": "券", "mean2": "保証人,証明者,(旅行業者・企業体などが旅行者・従業員などに渡す)クーポン券,商品引換券,商品割引券,証拠書類,証書,(特に金銭の)領収証,受取", "reg_date": "2024-07-29"}}, {"model": "wlist.wordsmodel", "pk": 76, "fields": {"user": 6, "word": "correspondence", "mean1": "通信", "mean2": "文通,(手紙による)通信,往復文書,書状,一致,調和,相応,対応,該当", "reg_date": "2024-07-29"}}, {"model": "wlist.wordsmodel", "pk": 77, "fields": {"user": 6, "word": "detergent", "mean1": "洗剤", "mean2": "洗浄性の", "reg_date": "2024-07-29"}}, {"model": "wlist.wordsmodel", "pk": 78, "fields": {"user": 6, "word": "duration", "mean1": "存続期間", "mean2": "持続(期),存続(期間)", "reg_date": "2024-07-29"}}, {"model": "wlist.wordsmodel", "pk": 79, "fields": {"user": 6, "word": "imburse", "mean1": "インバース", "mean2": "《古》金銭を与える", "reg_date": "2024-07-29"}}, {"model": "wlist.wordsmodel", "pk": 80, "fields": {"user": 6, "word": "superb", "mean1": "素晴らしい", "mean2": "(他を圧するほど)すばらしい,すてきな,実に見事な,とび切り上等な,堂々とした,壮麗な", "reg_date": "2024-07-30"}}, {"model": "wlist.wordsmodel", "pk": 81, "fields": {"user": 6, "word": "nationwide", "mean1": "全国", "mean2": "全国的な", "reg_date": "2024-07-30"}}, {"model": "wlist.wordsmodel", "pk": 82, "fields": {"user": 6, "word": "last-minute", "mean1": "土壇場", "mean2": "最後の瞬間の,どたん場での", "reg_date": "2024-07-30"}}, {"model": "wlist.wordsmodel", "pk": 83, "fields": {"user": 6, "word": "thrilled", "mean1": "わくわく", "mean2": "感激している　thrillの過去形、または過去分詞。(快感・恐怖などで)ぞくぞくする感じ, スリル", "reg_date": "2024-07-30"}}, {"model": "wlist.wordsmodel", "pk": 84, "fields": {"user": 6, "word": "introdutory", "mean1": "紹介", "mean2": "入門の、最初の", "reg_date": "2024-07-30"}}, {"model": "wlist.wordsmodel", "pk": 85, "fields": {"user": 6, "word": "prestigious", "mean1": "一流", "mean2": "名声のある", "reg_date": "2024-07-30"}}, {"model": "wlist.wordsmodel", "pk": 88, "fields": {"user": 6, "word": "screening", "mean1": "上映、検査", "mean2": "(映画・テレビなどの)上映,映写,審査,選抜,選考,スクリーニング,審査の(ための),集団検診,(窓などの防虫用)網,金網", "reg_date": "2024-07-31"}}, {"model": "wlist.wordsmodel", "pk": 89, "fields": {"user": 6, "word": "periodical", "mean1": "定期刊行物", "mean2": "定期刊行の", "reg_date": "2024-07-31"}}, {"model": "wlist.wordsmodel", "pk": 90, "fields": {"user": 6, "word": "plumber", "mean1": "配管工", "mean2": "(ガス・スチーム・上下水道の)配管工,鉛管工,水道業者", "reg_date": "2024-07-31"}}, {"model": "wlist.wordsmodel", "pk": 91, "fields": {"user": 6, "word": "incur", "mean1": "まねく", "mean2": "(ある行為の結果として)負う,受ける,招く", "reg_date": "2024-07-31"}}, {"model": "wlist.wordsmodel", "pk": 92, "fields": {"user": 6, "word": "oversee", "mean1": "オーバーシーズ", "mean2": "監督する", "reg_date": "2024-07-31"}}, {"model": "wlist.wordsmodel", "pk": 93, "fields": {"user": 6, "word": "retrieve", "mean1": "取り出す", "mean2": "(…を)取り戻す,回収する,救う,救い出す,(…を)回復する,復旧する,挽回(ばんかい)する,埋め合わせる,つぐなう,繕(つくろ)う", "reg_date": "2024-08-01"}}, {"model": "wlist.wordsmodel", "pk": 94, "fields": {"user": 6, "word": "reunion", "mean1": "再会", "mean2": "再会の集い,親睦会,同窓会,クラス会,再会,再結合", "reg_date": "2024-08-01"}}, {"model": "wlist.wordsmodel", "pk": 95, "fields": {"user": 6, "word": "apprentice", "mean1": "見習い", "mean2": "(昔の)徒弟,年季奉公人,初心者,実習生,練習生", "reg_date": "2024-08-01"}}, {"model": "wlist.wordsmodel", "pk": 96, "fields": {"user": 6, "word": "proceeds", "mean1": "収益", "mean2": "売上高,収益", "reg_date": "2024-08-01"}}, {"model": "wlist.wordsmodel", "pk": 97, "fields": {"user": 6, "word": "outing", "mean1": "外出", "mean2": "遠出,遠足,ピクニック,遊山", "reg_date": "2024-08-01"}}, {"model": "wlist.wordsmodel", "pk": 98, "fields": {"user": 6, "word": "refrain", "mean1": "リフレイン", "mean2": "(…を)控える,断つ,やめる,我慢する", "reg_date": "2024-08-02"}}, {"model": "wlist.wordsmodel", "pk": 99, "fields": {"user": 6, "word": "inclement", "mean1": "インクレメント", "mean2": "(寒さまたは風雨のために)不良な,荒れ模様の", "reg_date": "2024-08-02"}}, {"model": "wlist.wordsmodel", "pk": 100, "fields": {"user": 6, "word": "increment", "mean1": "インクリメント", "mean2": "増加,増大,増進,増殖,増加量,増額,利益,利得", "reg_date": "2024-08-02"}}, {"model": "wlist.wordsmodel", "pk": 101, "fields": {"user": 6, "word": "novice", "mean1": "ニュース", "mean2": "初心者,未熟者,初出場の馬,修練士,新信者", "reg_date": "2024-08-02"}}, {"model": "wlist.wordsmodel", "pk": 102, "fields": {"user": 6, "word": "anecdote", "mean1": "アネクドート", "mean2": "(特定の人物・事件にまつわる)逸話", "reg_date": "2024-08-02"}}, {"model": "wlist.wordsmodel", "pk": 103, "fields": {"user": 6, "word": "commemorate", "mean1": "偲ぶ", "mean2": "(祝辞によって)(…を)記念する,(…の)記念式を挙行する,祝する,(…の)記念となる", "reg_date": "2024-08-03"}}, {"model": "wlist.wordsmodel", "pk": 104, "fields": {"user": 6, "word": "intermission", "mean1": "休憩", "mean2": "休止,中断,(芝居などの)幕間(まくあい),休憩時間", "reg_date": "2024-08-03"}}, {"model": "wlist.wordsmodel", "pk": 105, "fields": {"user": 6, "word": "compost", "mean1": "堆肥", "mean2": "堆肥(たいひ),積み肥え", "reg_date": "2024-08-03"}}, {"model": "wlist.wordsmodel", "pk": 106, "fields": {"user": 6, "word": "proofread", "mean1": "校正", "mean2": "(…を)校正する", "reg_date": "2024-08-03"}}, {"model": "wlist.wordsmodel", "pk": 107, "fields": {"user": 6, "word": "solicit", "mean1": "募る", "mean2": "(…を)懇請する,せがむ,(…に)(…を)懇請する,(…を)(贈賄して)悪事に誘う,誘う,声をかける", "reg_date": "2024-08-03"}}, {"model": "wlist.wordsmodel", "pk": 108, "fields": {"user": 6, "word": "applicable", "mean1": "該当", "mean2": "適用できる,当てはまる,適切な,(…に)適用できて,当てはまって,適切で", "reg_date": "2024-08-04"}}, {"model": "wlist.wordsmodel", "pk": 109, "fields": {"user": 6, "word": "commend", "mean1": "讃する", "mean2": "ほめる,推賞する,(…に)推薦する,勧める,ゆだねる,託する", "reg_date": "2024-08-04"}}, {"model": "wlist.wordsmodel", "pk": 110, "fields": {"user": 6, "word": "complement", "mean1": "補足", "mean2": "補足して完全にするもの,補足物,(完全にするのに必要な)全数,乗組定員,補語,余数,余角,余弧", "reg_date": "2024-08-04"}}, {"model": "wlist.wordsmodel", "pk": 111, "fields": {"user": 6, "word": "compliment", "mean1": "賛辞", "mean2": "賛辞,ほめ言葉,(社交上の)お世辞,(行為・言葉などによる)敬意,光栄なこと,(儀礼的な)あいさつ(の言葉),祝辞", "reg_date": "2024-08-04"}}, {"model": "wlist.wordsmodel", "pk": 112, "fields": {"user": 6, "word": "lapse", "mean1": "失効", "mean2": "(ちょっとした)間違い,しくじり,経過,推移,(過去の短い)期間,時間,喪失,衰退,廃止,一時的にそれること", "reg_date": "2024-08-04"}}, {"model": "wlist.memomodel", "pk": 2, "fields": {"user": 6, "memo": "get_context_dataは、templateで2以上のモデルを使いたい場合に、親クラスのListViewをオーバーライドして導入。", "reg_date": "2024-07-18"}}, {"model": "wlist.memomodel", "pk": 3, "fields": {"user": 6, "memo": "*argsは、複数の引数をタプルとして受け入れいる。**kwargsは辞書引数を受け入れる。", "reg_date": "2024-07-18"}}, {"model": "wlist.memomodel", "pk": 4, "fields": {"user": 6, "memo": "viewsで実行される    \r\ndef form_valid(self, form):は、フォーム入力送信時のデータをモデルに保存するために実行されるバリデータ", "reg_date": "2024-07-19"}}, {"model": "wlist.memomodel", "pk": 5, "fields": {"user": 6, "memo": "スタイル定義の優先度は、\r\nhtmlのstyle > htmlのインライン> css.style > form.pyのwidget定義", "reg_date": "2024-07-19"}}, {"model": "wlist.memomodel", "pk": 6, "fields": {"user": 6, "memo": "formタグ内のinputタグに、さまざまなtypeを割り当てて多様な入力に対応できる。例えば、submit、text、button、radioなど", "reg_date": "2024-07-20"}}, {"model": "wlist.memomodel", "pk": 8, "fields": {"user": 6, "memo": "<textarea>タグでcol=300として横文字数を設定できるが、 style=\"width: 100%;\"のほうが優先される。\r\n    <textarea id=\"memo\" name=\"memo\" rows=\"6\" cols =\"300\" style=\"width: 100%;\">{{ form.memo.value }}</textarea>", "reg_date": "2024-07-21"}}, {"model": "wlist.memomodel", "pk": 9, "fields": {"user": 6, "memo": "viewsでmixinのライブラリを使って、機能を持たせる。", "reg_date": "2024-07-21"}}, {"model": "wlist.memomodel", "pk": 10, "fields": {"user": 6, "memo": "get_context_data メソッドは、htmlテンプレートにコンテキストデータを渡すためのもの", "reg_date": "2024-07-21"}}, {"model": "wlist.memomodel", "pk": 11, "fields": {"user": 6, "memo": "align-items: flex-startで左から開始。centerで中央配置", "reg_date": "2024-07-22"}}, {"model": "wlist.memomodel", "pk": 12, "fields": {"user": 6, "memo": "tldraw,make real, cursor, ui sketcherを使ってフロントエンド開発を効率化。", "reg_date": "2024-07-23"}}, {"model": "wlist.memomodel", "pk": 15, "fields": {"user": 6, "memo": "WordsModel.objects.filter(             user=self.request.user,             reg_date=today.date()         )クエリセットはリストのように振る舞いますが、実際には遅延評価されるため、クエリが実行されるまでデータベースからはデータが取得されません。", "reg_date": "2024-07-23"}}, {"model": "wlist.memomodel", "pk": 16, "fields": {"user": 6, "memo": "テンプレート埋め込みfor文では、forloop.firstとかforloop.counter0などとして条件とか変数設定を行える。", "reg_date": "2024-07-24"}}, {"model": "wlist.memomodel", "pk": 17, "fields": {"user": 6, "memo": "divのスタイル設定で、dispaly:blockは縦方向に子要素を配置し、display:flexは横方向に子要素を配置する", "reg_date": "2024-07-24"}}, {"model": "wlist.memomodel", "pk": 20, "fields": {"user": 6, "memo": "リンターは、コーディング解析をして品質をチェックするツール。CI/CD（コミット時に自動的にビルド、テスト、デプロイするツール）にリンターを組み込んだりする。\r\nGit Hub Actionsは、レポジトリに対してCI/CDパイプラインを構築するためのツール。", "reg_date": "2024-07-26"}}, {"model": "wlist.memomodel", "pk": 21, "fields": {"user": 6, "memo": "display: blockは、ブロック要素ではデフォルト。縦に要素を並べる。インライン要素で入力すると、ブロック要素になる。\r\ndisplay: flex; flex-direction: column; は、複数要素を束ねて縦に並べて束ねられた複数要素全体としてスタイルを提供する。", "reg_date": "2024-07-27"}}, {"model": "wlist.memomodel", "pk": 22, "fields": {"user": 6, "memo": "justify-contentは、flex-direction軸に平行な位置合わせ。\r\nalign-itemsは、flex-direction軸に垂直な位置合わせ。\r\nこれらにcenterや、flex-startを入力しても異なる効果。", "reg_date": "2024-07-27"}}, {"model": "wlist.memomodel", "pk": 23, "fields": {"user": 6, "memo": "SQLで、シングルクォート ’  ’ は文字リテラルを囲むために使用される。ダブルクォート ” ” は識別子（カラム名、テーブル名）を囲むために使用される。\r\nDBMSによって異なることがある。", "reg_date": "2024-07-29"}}, {"model": "wlist.memomodel", "pk": 24, "fields": {"user": 6, "memo": "update 商品 set 商品コード='E' || substring(商品コード,2,4) where substring(商品コード,1,1)='M'", "reg_date": "2024-07-29"}}, {"model": "wlist.memomodel", "pk": 25, "fields": {"user": 6, "memo": "truncは切り捨て。数値や日付で。第2引数を省略すると、数値の場合は0、すなわち小数点、日付の場合は日の単位で切り捨てられる。日付の場合は、’yyyy’とか’MM’と入力する。", "reg_date": "2024-07-29"}}, {"model": "wlist.memomodel", "pk": 26, "fields": {"user": 6, "memo": "OFFSET 10 ROWS\r\nFETCH NEXT 10 ROWS ONLY;\r\n最初の10番目までをスキップして次の10行を取得する。\r\noffset 0 rows ならスキップ無しで10行とってくるということ。", "reg_date": "2024-07-29"}}, {"model": "wlist.memomodel", "pk": 27, "fields": {"user": 6, "memo": "get_querysetとget_context_data:\r\nデータ取得のロジックが複雑でなく、単純にデータを表示するだけなら get_queryset が適しています。データを加工したり、追加のコンテキスト情報をテンプレートに渡す必要がある場合は get_context_data を使うべきです。", "reg_date": "2024-07-29"}}, {"model": "wlist.memomodel", "pk": 28, "fields": {"user": 6, "memo": "行方向（row)は、横方向に相当し、列方向（column）は、縦方向に対応する。\r\n１．CSS、Numpy、エクセルでの共通概念。\r\n２．そもそも英語のrowとcolumnの概念は、日本語の「行」と「列」の意味と完全一致せず、日本語に翻訳せずに考えるべき。rowは、町・通り・漕ぐ、（横）列を、columnは柱、縦列などを意味する。\r\n３．行番号（row番号）、列名（column名称）", "reg_date": "2024-07-29"}}, {"model": "wlist.memomodel", "pk": 29, "fields": {"user": 6, "memo": "flex:1 1 auto;の3つのパラメータは、grow、shrink、basis。\r\ngrowは、0で拡大不許可、1で拡大許可、2で他よりも2倍拡大しやすくする。\r\nshrinkは、0で縮小不許可し1で縮小許可。\r\nbasisは初期サイズで、autoとすると自然なサイズとなる。", "reg_date": "2024-07-31"}}]